Project url,TNC,LFT,NoD,NSD,PSD,TZ,AVAD,SAD,SDC,SDZ,SCZ,AVCMS,SCMS,NMSP,ANPM,SDPM,TNM,ANM,TGN,SCT,ND,NoC,NCD,PCD,GCC,GBC,GDC,SDCC,SCC,NR,SDR,SCR,NPR,CPR,ANCP,SCPR,CSPR,ANAP,SAPR,CPPR,APCP,CNPR,ANMNP,NIS,NCIS,CPIS,ANCS,SCIS,CSIS,ANAS,SAIS,ACPS,CNIS,ACNS,NDPS,NCPS,NCDPS,PCDPS,GCCPS,BCPS,DCPS,SDCPS,SCCPS,OSE,BCE,PDE,SV,OS,SD,RS,TF,UI,TC
https://github.com/google/tangent.git,68,280,15,4,0.27,7,30.4,76.1,8.1,2.27,15.5,-0.04,0.36,3,1,0,6,-1,5,13.88,0.64,3,12,0.8,0.31,0,0.31,6.08,36.67,4,0,0,44,56,1.27,2.43,1.35,1.89,0.89,44,0.91,44,0.14,55,145,59,2.64,2.34,1.04,2.18,0.8,1.07,55,0.47,0.06,8,2,0.04,0.12,0.09,0.11,6.45,28.4,0,0,0,0,1,0,0,1,1,0
https://github.com/keras-team/keras-applications.git,91,669,12,6,0.5,6,98.67,227.66,14.79,0.75,20.27,-0.15,0.58,7,1,0,19,-1.11,9,6.31,0.2,4,1,0.08,0.19,0.1,0.19,1.83,24.13,9,1.27,6.1,45,96,2.13,4.81,1.09,1.96,0.95,45,0.91,45,0.36,150,383,148,2.55,3.04,1.03,2.14,1.3,0.99,150,0.47,0.01,53,1,0,0.15,0.03,0.04,11.29,29.92,1,1,1,1,1,1,1,0,1,0
https://github.com/tensorflow/ranking.git,213,624,20,8,0.4,9,115.95,218.05,20.88,2.7,39.78,-0.13,0.58,10,1.1,0.32,27,-1.44,11,13.83,0.38,3,4,0.2,0.13,0.07,0.25,1.15,7,11,2.58,14.44,27,77,2.85,0.46,1.26,2.89,0.7,27,1.93,27,0.11,206,913,392,4.43,3.99,1.09,2.84,1.17,1.9,206,0.72,0.03,13,1,0.01,0.09,0.04,0.06,17.91,73.41,1,1,1,0,0,0,0,0,0,1
https://github.com/minimaxir/textgenrnn.git,174,1112,19,9,0.47,10,65.26,254.46,29.12,1.33,35.78,0,0.55,18,1.17,0.38,19,-1.11,12,14.31,0.16,7,1,0.05,0.2,0.11,0.17,1.7,48.94,12,1.73,14.16,35,23,0.66,3.88,1.26,2.09,1.15,35,0.29,35,0.06,177,328,104,1.85,2.12,0.97,1.99,1.11,0.59,177,0.39,0.01,61,1,0,0.13,0.03,0.03,9.04,25.43,1,1,1,0,1,1,1,0,1,0
https://github.com/raghakot/keras-vis.git,195,1255,10,5,0.5,10,127.7,263.88,46.91,0.52,32.61,-0.13,0.59,13,1.08,0.28,31,-1.26,8,18.53,0.24,5,1,0.1,0.19,0.21,0.2,0.71,64.58,8,0.74,17.99,24,45,1.88,2.13,1.04,1.75,0.68,24,1.13,24,0.38,207,596,212,2.88,3.49,1.11,2.62,2.13,1.02,207,0.75,0.02,50,0,0,0.13,0.03,0.03,16.28,37.93,1,1,0,1,1,1,1,0,0,1
https://github.com/Hironsan/anago.git,296,848,12,3,0.25,8,90,246.4,62.31,0.53,99.4,0,0.23,7,1,0,8,-1,5,58.41,0.26,2,1,0.08,0.13,0.25,0.26,1.41,98.99,5,1.22,56.89,30,26,0.87,3.22,1.48,1.4,1,30,0.37,30,0.17,107,162,52,1.51,1.68,0.96,2.07,1,0.49,107,0.26,0.02,33,1,0.01,0.16,0.05,0.06,8.03,23.75,1,0,1,1,0,1,1,0,1,0
https://github.com/maciejkula/spotlight.git,299,959,12,4,0.33,8,172.25,366.91,53.25,1.04,70.78,-0.03,0.54,17,1.35,0.49,22,-1.41,7,30.84,0.53,3,6,0.5,0.15,0.1,0.28,1,148.65,7,2.17,31.05,78,75,0.96,5.86,1.52,1.45,0.66,78,0.54,78,0.17,104,287,123,2.76,3.75,1.06,2.28,1.01,1.18,104,0.53,0.03,20,1,0.01,0.14,0.07,0.07,8.84,44.64,0,0,0,1,0,0,0,0,0,1
https://github.com/microsoft/vscode-docker,1105,1803,74,27,0.36,13,113.72,233.02,38.82,8.86,140.82,-0.06,0.56,110,1.06,0.25,164,-1.1,47,37.52,0.15,4,2,0.03,0.07,0.05,0.12,9.54,213.67,37,3.54,45.07,814,675,0.83,12.46,1.17,2.4,0.86,814,0.35,814,0.15,1489,4515,1651,3.04,3.64,1.04,2.8,1.58,1.11,1489,0.49,0,43,1,0,0.08,0.02,0.02,77.95,492.95,1,0,0,0,0,0,0,0,0,1
https://github.com/microsoft/QuantumKatas,328,824,102,35,0.34,14,55.46,134.8,7.22,12.51,43.49,-0.13,0.57,19,1.11,0.32,52,-1.23,5369,1.51,0.21,5,3,0.03,0.1,0.04,0.14,15.31,79.57,2,4.24,9.19,383,403,1.05,13.96,1.32,2.26,0.74,383,0.49,383,0.16,94,337,178,3.59,4.54,1.16,2.31,1.19,1.89,94,0.43,0.03,11,1,0.01,0.1,0.07,0.08,23.44,171.6,0,1,0,0,1,0,0,1,0,1
https://github.com/microsoft/botbuilder-js,2902,984,142,59,0.42,15,143.71,218.51,43.49,18.95,437.66,-0.09,0.5,141,1.09,0.28,360,-1.19,222,43.6,0.28,3,16,0.11,0.08,0.01,0.18,9.45,382.81,21,12.22,182.44,1374,1697,1.24,76.86,0.71,3.33,2.03,1374,0.17,1374,0.09,1393,2573,760,1.85,3.2,0.87,3.18,1.73,0.55,1393,0.24,0.04,13,0,0,0.08,0.01,0.06,55.71,1203.5,0,1,1,0,0,1,1,1,0,1
https://github.com/microsoft/BotFramework-Composer,1505,512,78,26,0.33,13,117.09,166.28,39.33,10.75,244.77,-0.24,0.68,112,1.05,0.23,401,-1.21,8,438.12,0.47,3,27,0.35,0.13,0.01,0.23,9.54,443.4,8,20.48,445.99,1959,2766,1.42,20.16,0.96,2.99,2.07,1959,0.37,1959,0.21,2245,5484,1589,2.45,3.25,0.89,3.5,1.62,0.71,2245,0.32,0.04,10,2,0.01,0.07,0.02,0.08,41.42,2092.87,0,1,0,1,0,1,1,1,0,1
https://github.com/google/oboe,1221,1171,32,16,0.5,13,253.13,380.82,92.48,3.85,158.41,-0.14,0.53,59,1.02,0.13,195,-1.19,7,137.37,0.38,5,6,0.19,0.17,0.04,0.26,3.29,266.44,7,5.12,113.21,392,347,0.89,6.08,1.2,1.92,0.88,392,0.35,392,0.14,628,1985,637,3.16,4.22,1.01,2.34,1.22,1.01,628,0.69,0.02,10,2,0.01,0.06,0.04,0.07,25.95,320.41,0,0,0,1,0,0,0,1,0,1
https://github.com/google/WebFundamentals,11020,2394,570,205,0.36,22,154.03,383.79,125.81,37.47,875.39,-0.04,0.48,629,1.17,0.39,1034,-1.18,6,1650.75,0.11,4,14,0.02,0.05,0.01,0.12,111.17,3600.38,3,70.87,2866.16,5181,8486,1.64,84.28,1.07,3.61,1.32,5181,0.74,5181,0.09,3714,4869,1613,1.31,1.93,0.99,2.02,1.06,0.43,3714,0.18,0,624,0,0,0.13,0.01,0.01,36.29,543.95,1,1,0,1,0,1,0,0,0,1
https://github.com/google/flax,936,258,63,20,0.32,14,49.65,74.05,27.76,7.73,99.63,-0.08,0.51,59,1.08,0.34,126,-1.13,2,207.89,0.55,2,32,0.51,0.12,0.01,0.22,2.12,73.54,2,16.97,219.2,376,706,1.88,10.04,1.4,3.39,1.22,376,0.82,376,0.63,105,317,140,3.02,3.79,1.15,2.92,1.52,1.33,105,0.6,0.1,7,4,0.04,0.1,0.04,0.13,10.89,228.28,0,0,1,1,0,1,0,1,0,1
https://github.com/uber/baseweb,2540,930,198,78,0.39,17,75.35,155.62,67.85,16.65,383.15,-0.25,0.8,201,1.23,0.42,586,-1.49,320,8.83,0.22,3,10,0.05,0.07,0.02,0.15,26.23,1099.3,318,2.04,5.86,3162,5965,1.89,36.17,1,2.87,1.39,3162,0.62,3162,0.16,624,1551,726,2.49,3.11,1.06,2.5,1.31,1.16,624,0.29,0.03,8,2,0.01,0.07,0.03,0.07,77.15,2612.34,1,0,0,1,0,1,0,0,0,1
https://github.com/PetrochukM/PyTorch-NLP.git,441,923,18,8,0.44,10,53.67,217.27,88.71,1.29,89.82,-0.03,0.31,12,1.08,0.29,26,-1.04,5,41.47,0.21,5,1,0.06,0.16,0.17,0.2,1.95,168.66,5,1.87,45.77,49,89,1.82,6.11,1.39,2.55,0.89,49,0.69,49,0.94,56,85,60,1.52,1.36,0.96,1.91,0.67,1.07,56,0.11,0.05,9,1,0.01,0.13,0.1,0.12,10.81,45.45,1,1,0,0,0,1,1,1,1,0
https://github.com/eclipse/leshan,1278,2053,43,26,0.6,12,241.21,420.38,140.02,7.33,226.29,-0.17,0.82,147,1.03,0.16,238,-1.55,34,29.8,0.23,3,4,0.09,0.09,0.08,0.2,4.04,480.65,30,2.67,29.66,459,1188,2.59,2.89,0.96,2.14,0.97,459,0.86,459,0.35,429,2205,857,5.15,6.9,0.99,2.21,0.86,2,429,0.78,0.02,13,1,0,0.07,0.06,0.06,31.66,273.69,1,1,0,0,1,0,0,0,0,1
https://github.com/shenweichen/DeepCTR.git,102,1070,12,5,0.42,4,136.83,325.94,17.65,3.86,48.34,-0.01,0.41,8,1,0,9,-1,29,4.15,0.29,2,2,0.17,0.12,0.2,0.22,1.41,18.38,28,0.96,3.98,75,29,0.39,8.04,1.07,1.24,0.54,75,0.12,75,0.2,199,355,90,1.79,1.92,0.82,1.97,0.77,0.45,199,0.14,0.01,61,1,0,0.15,0.04,0.05,11.69,39.01,1,0,0,0,1,0,0,1,1,0
https://github.com/DT42/BerryNet.git,368,1234,9,0,0,4,396.22,592.98,83.37,2.45,161.6,0,0.52,35,1.11,0.32,34,-1.18,47,9.73,0.53,2,3,0.33,0.14,0.1,0.28,0.71,202.23,7,1.6,34.45,15,5,0.33,6.62,1.22,1.73,0.46,15,0.13,15,0.07,37,92,39,2.49,2.28,1.23,2.27,1.41,1.05,37,0.49,0.1,7,1,0.03,0.13,0.13,0.15,4.89,22.23,0,0,1,0,0,0,0,1,1,0
https://github.com/PetrochukM/PyTorch-NLP.git,441,923,18,8,0.44,10,53.67,217.27,88.71,1.29,89.82,-0.03,0.31,12,1.08,0.29,26,-1.04,5,41.47,0.21,5,1,0.06,0.16,0.17,0.2,1.95,168.66,5,1.87,45.77,49,89,1.82,6.11,1.39,2.55,0.89,49,0.69,49,0.94,56,85,60,1.52,1.36,0.96,1.91,0.67,1.07,56,0.11,0.05,9,1,0.01,0.13,0.1,0.12,10.81,45.45,1,0,1,0,1,1,0,1,1,0
https://github.com/deeppomf/DeepCreamPy.git,413,802,23,5,0.22,10,81.09,209.03,51.24,2.01,67.89,-0.03,0.37,12,1.33,0.49,28,-1.07,11,42.16,0.33,3,3,0.13,0.11,0.11,0.24,3.51,220.27,11,2.98,41.11,51,50,0.98,27.53,1.21,1.71,0.7,51,0.37,51,0.14,166,676,195,4.09,4.65,1.01,2.98,2.32,1.17,166,0.96,0.03,19,1,0,0.13,0.05,0.06,17.51,57.15,0,0,0,1,1,0,0,1,1,0
https://github.com/tensorflow/adanet.git,439,653,28,15,0.54,3,156.57,253.35,43.47,8.08,130.24,-0.16,0.8,69,1.06,0.24,111,-1.29,11,28.27,0.44,4,7,0.25,0.14,0.04,0.26,1.41,137.63,11,3.45,29.41,49,71,1.45,16,1.33,2.69,0.85,49,0.69,49,0.41,109,332,138,3.05,3.29,1.04,2.46,1.33,1.27,109,0.46,0.04,14,1,0.01,0.12,0.08,0.09,9.32,51.55,0,1,0,1,1,1,0,0,1,0
https://github.com/tflearn/tflearn.git,605,1015,130,36,0.28,15,22.89,92.77,28.41,9.26,54.18,-0.12,0.52,38,1.05,0.23,100,-1.1,7,65.12,0.12,4,1,0.01,0.06,0.07,0.09,23.01,174.03,7,15.63,79.67,247,264,1.07,3.68,1.26,2.12,2.16,247,0.81,247,0.09,903,2276,865,2.52,3.55,1.09,2.34,2.06,0.96,903,0.58,0.01,244,1,0,0.14,0.01,0.02,25.06,84.23,0,1,1,0,1,1,1,0,1,0
https://github.com/deepmind/sonnet.git,545,1039,26,7,0.27,2,307.15,388.6,57.95,5.66,105.36,-0.05,0.57,59,1.07,0.25,85,-1.08,36,15.57,0.54,3,14,0.54,0.14,0.03,0.25,5.77,265.59,2,14.85,309.01,42,146,3.48,2.13,1.29,3.48,1.33,42,2.21,42,0.43,146,441,187,3.02,3.4,1.08,2.57,1.59,1.28,146,0.61,0.03,26,1,0,0.13,0.04,0.05,13.15,43.77,0,0,1,0,1,0,0,0,1,0
https://github.com/NervanaSystems/nlp-architect.git,848,959,42,16,0.38,10,138.12,214.85,39.98,7.48,151.21,-0.04,0.33,29,1.03,0.19,58,-1.03,11,95.64,0.48,2,23,0.55,0.11,0.04,0.25,4.24,93.34,11,7.07,96.35,71,21,0.3,10.75,0.94,1.51,0.69,71,0.18,71,0.01,98,235,90,2.4,2.01,1.05,2.12,0.78,0.92,98,0.61,0.04,7,1,0.01,0.1,0.09,0.09,11.26,62.41,0,0,0,0,0,0,0,1,1,0
https://github.com/tryolabs/luminoth.git,838,1077,17,7,0.41,6,171.41,252.15,90.97,5.44,319.12,-0.04,0.62,95,1.09,0.29,110,-1.28,10,128.39,0.53,2,11,0.65,0.13,0.06,0.26,6.36,77.78,10,3.31,129.08,126,41,0.33,12.25,1.25,2.05,0.74,126,0.08,126,0.09,176,302,120,1.72,2.12,1.19,2.14,1.18,0.68,176,0.39,0.03,30,0,0,0.13,0.04,0.05,7.41,57.01,0,0,0,0,0,0,0,1,1,0
https://github.com/ClimbsRocks/auto_ml.git,1149,594,14,7,0.5,9,53.29,159.01,297.33,1.17,260.59,-0.01,0.63,152,1.18,0.42,172,-1.09,12,93.69,0.22,4,1,0.07,0.12,0.24,0.23,2.38,567.17,12,0.78,97.56,43,71,1.65,12.47,1.19,2.07,0.74,43,0.84,43,0.02,391,548,258,1.4,2.04,1.07,1.34,0.76,0.66,391,0.17,0.02,26,1,0.01,0.14,0.05,0.06,8.52,87.79,0,0,1,0,1,0,0,0,1,0
https://github.com/evilsocket/pwnagotchi.git,1629,280,136,40,0.29,16,11.82,36.69,56.2,13.97,245.24,-0.11,0.61,124,1.08,0.33,234,-1.33,20,132.88,0.57,2,104,0.76,0.11,0.01,0.24,4.24,655.49,20,9.49,50.69,470,482,1.03,2.62,1.2,2.22,0.9,470,0.34,470,0.23,441,1331,351,3.03,5.79,1.04,2.34,1.53,0.8,441,0.7,0.02,42,1,0,0.12,0.03,0.04,21.84,153.78,0,0,0,0,0,1,0,1,1,0
https://github.com/NVIDIA/OpenSeq2Seq.git,1695,1096,50,15,0.3,14,86.34,173.93,74.58,8.11,385.88,-0.07,0.42,55,1.07,0.26,148,-1.2,8,122.31,0.31,3,9,0.18,0.11,0.04,0.22,4.93,575.41,8,3.18,128.6,296,103,0.35,35.64,1.06,2.06,0.84,296,0.15,296,0.03,252,732,326,2.91,3.41,1.07,2.31,1.15,1.29,252,0.4,0.02,39,0,0,0.14,0.03,0.05,10.25,91.31,0,1,0,0,0,1,0,0,0,1
https://github.com/asyml/texar.git,1719,1102,42,12,0.29,9,174.93,231.1,114.2,8.54,343.44,-0.03,0.38,70,1.03,0.17,104,-1.24,6,516.26,0.38,3,11,0.26,0.09,0.04,0.2,7.21,500.61,6,9.91,517.65,143,56,0.39,32.69,0.91,1.85,0.59,143,0.09,143,0.1,154,367,133,2.38,2.71,1.01,2.27,0.87,0.86,154,0.41,0.03,14,1,0.01,0.12,0.08,0.08,10.82,74.46,0,1,0,1,0,0,0,0,1,0
https://github.com/NTMC-Community/MatchZoo.git,1808,868,40,11,0.28,10,187.9,229.62,112.38,9.8,332.85,-0.06,0.43,66,1.14,0.49,155,-1.19,7,47.51,0.39,2,11,0.28,0.1,0.04,0.22,0,296.98,2,12.73,1141.27,384,491,1.28,98.81,0.98,3.26,1.17,384,0.19,384,0.69,445,1372,490,3.09,3.69,1.03,2.96,1.43,1.1,445,0.54,0.03,17,3,0.01,0.1,0.03,0.08,18.97,266.46,0,0,0,1,1,1,1,1,0,1
https://github.com/allenai/allennlp.git,2262,1229,234,86,0.37,18,96.69,207.06,38.17,17.45,302.85,-0.15,0.68,231,1.15,0.36,521,-1.14,39,55.84,0.19,3,10,0.04,0.06,0.01,0.15,36.35,712.35,33,14.73,75.78,2555,4803,1.88,17.57,1.2,2.39,0.98,2555,0.74,2555,0.39,2116,8004,3267,3.78,4,1.07,2.73,1.43,1.54,2116,0.65,0.01,34,1,0,0.07,0.01,0.03,71.27,747.07,0,1,0,1,1,0,1,0,0,1
https://github.com/Unity-Technologies/ml-agents.git,2570,1113,130,47,0.36,17,99.46,215.43,64.58,12.86,425.3,-0.12,0.56,179,1.04,0.19,423,-1.16,77,49.07,0.19,4,8,0.06,0.07,0.03,0.16,11.9,134.11,47,5.22,57.42,2208,1900,0.86,25.97,1.06,2.71,1.79,2208,0.32,2208,0.11,2307,11447,5656,4.96,4.11,1.06,3.16,1.57,2.45,2307,0.68,0.01,56,0,0,0.07,0.01,0.02,102.12,1014.67,0,1,1,1,0,1,1,0,0,1
https://github.com/tensorlayer/tensorlayer.git,3282,1551,137,46,0.34,12,77.33,209.12,139.35,20.83,454.63,-0.02,0.42,199,1.08,0.3,269,-1.07,80,73.22,0.11,5,2,0.01,0.06,0.05,0.1,10.69,1022.79,74,3.93,79.58,659,636,0.97,39.41,1.06,2.28,0.72,659,0.35,659,0.15,443,1153,445,2.6,3.13,0.96,2.39,1,1,443,0.39,0.01,24,1,0,0.11,0.04,0.05,25.94,231.17,0,1,0,0,0,1,0,0,0,1
https://github.com/NifTK/NiftyNet.git,2848,536,46,16,0.35,7,104.26,153.03,232.66,12.35,840.87,-0.05,0.64,358,1.06,0.24,410,-1.26,11,244.99,0.41,3,13,0.28,0.1,0.03,0.21,6.35,1150.16,8,9.07,456.95,165,77,0.47,95.2,1.09,2.06,1.67,165,0.21,165,0.05,322,760,276,2.36,3.5,1.12,2.35,1.24,0.86,322,0.47,0.04,17,1,0.01,0.12,0.04,0.08,14.68,108.53,0,0,1,1,1,0,0,0,0,1
https://github.com/OpenMined/PySyft.git,6027,1160,336,97,0.29,23,57.35,150.78,114.78,20.42,454.51,-0.07,0.5,364,1.1,0.31,673,-1.19,22,1023.12,0.15,3,3,0.01,0.04,0.02,0.09,67,1033.31,15,68.96,1468.86,2214,3058,1.38,28.67,1.18,2.68,2.13,2214,0.45,2214,0.29,2399,3807,1320,1.59,2.84,1.08,2.36,1.27,0.55,2399,0.37,0.02,42,1,0,0.1,0.02,0.04,48.67,955.11,1,1,0,0,1,0,1,0,0,1
https://github.com/microsoft/PowerToys,3937,2471,235,77,0.33,17,56.88,142.17,65.73,17.24,304.78,-0.12,0.55,234,1.12,0.34,664,-1.13,21,67.64,0.14,3,2,0.01,0.05,0.06,0.12,14.01,281.43,21,29.87,423.45,1705,3060,1.8,183.79,1.04,3.02,1.92,1705,0.64,1705,0.27,5106,18468,6150,3.62,5.25,1.01,3.16,2.26,1.2,5106,0.59,0,89,2,0,0.07,0.01,0.01,199.61,1126.31,1,1,0,0,0,0,1,0,0,1
https://github.com/microsoft/Oryx,918,792,18,5,0.28,5,198.22,250.59,72.95,5.55,227.1,-0.1,0.62,89,1.03,0.18,145,-1.27,133,29.64,0.54,3,10,0.56,0.14,0.06,0.24,1,202.85,123,0,0,686,261,0.38,14.97,0.86,2.38,0.68,686,0.1,686,0.04,107,613,248,5.74,6.8,1.06,2.8,1.67,2.32,107,0.99,0.03,21,1,0.01,0.14,0.04,0.07,12.06,197.82,0,0,1,0,0,0,0,0,0,1
https://github.com/microsoft/Microsoft365DSC,3389,671,33,9,0.27,10,143.24,215.36,318.21,4.61,592,-0.02,0.27,80,1.01,0.11,129,-1.1,11,347.98,0.4,3,4,0.12,0.11,0.05,0.21,1,944.3,8,4.74,367.23,462,558,1.22,57.06,1.02,2.19,0.97,462,0.26,462,0.56,343,599,219,1.75,3.12,0.92,1.78,0.85,0.64,343,0.3,0.05,10,1,0.01,0.11,0.08,0.1,12.51,266.01,1,0,1,1,1,0,1,0,0,1
https://github.com/google/jax,5337,677,257,85,0.33,16,81.53,157.33,118.04,21.34,550.22,-0.11,0.67,559,1.16,0.39,1076,-1.16,46,429.47,0.27,3,27,0.11,0.09,0.01,0.19,33.95,1993.97,5,83.62,2016.76,2737,3510,1.28,34.5,1.34,2.78,1.64,2737,0.68,2737,0.2,1627,6137,2981,3.77,4.38,1.17,2.69,1.39,1.83,1627,0.62,0.01,29,2,0,0.08,0.02,0.04,72.33,1089.51,0,1,0,1,0,0,1,0,0,1
https://github.com/google/trax,948,354,36,13,0.36,10,85.67,136.56,53.93,5.36,213.84,-0.06,0.62,102,1.13,0.36,140,-1.21,12,81.97,0.52,4,10,0.28,0.15,0.03,0.26,3.16,241,12,5.02,81.24,959,106,0.11,1.14,1.16,2.79,0.52,959,0.09,959,0,97,211,106,2.18,2.62,1.23,2.09,0.95,1.09,97,0.37,0.03,20,1,0.01,0.14,0.05,0.07,11.85,431.71,0,0,0,1,1,1,0,0,1,0
https://github.com/google/blockly,5247,2520,162,69,0.43,19,132.47,327.04,148.74,13.11,746.21,-0.22,0.54,214,1.07,0.25,1301,-1.05,22,602.24,0.12,4,5,0.03,0.08,0.03,0.13,27.21,1417.56,21,21.81,614.77,2642,3417,1.3,24.75,1.22,2.55,1.53,2642,0.53,2642,0.27,1663,3770,1064,2.27,2.82,1,2.57,1.23,0.64,1663,0.59,0.01,20,1,0,0.07,0.02,0.04,58.64,1107.47,1,1,0,0,1,1,1,1,0,1
https://github.com/google/grr,1314,3323,53,23,0.43,12,284.75,515.63,57.1,7.63,157.91,-0.25,0.72,103,1.04,0.19,336,-1.3,20,99.99,0.2,5,4,0.08,0.13,0.04,0.17,9.13,242.05,19,5.49,106.96,244,402,1.66,26.8,1.37,2.2,1.15,244,0.86,244,0.28,618,2304,614,3.73,3.94,1.18,2.56,1.11,0.99,618,1.37,0.02,12,1,0,0.08,0.03,0.05,33.45,246.41,1,0,1,1,1,1,1,1,0,1
https://github.com/google/graphicsfuzz,656,732,19,7,0.37,13,197.84,264.4,64.93,2.15,91.02,-0.13,0.69,88,1.06,0.23,159,-1.13,92,21.84,0.47,4,5,0.26,0.13,0.07,0.23,0.5,131.84,92,1.22,24.98,692,256,0.37,10.72,1.25,3.11,0.68,692,0.22,692,0.04,385,455,74,1.18,1.34,0.76,1.58,0.71,0.19,385,0.15,0.18,7,3,0.08,0.17,0.07,0.2,4.85,605.36,0,0,0,0,0,1,0,0,0,1
https://github.com/uber/cadence,2176,1432,90,34,0.38,14,147.17,259.42,62.39,13.76,424.65,-0.23,0.75,205,1.1,0.3,574,-1.28,54,45.56,0.26,3,8,0.09,0.09,0.02,0.19,16.64,721.98,49,5.26,53.34,2381,1766,0.74,9.58,0.66,2.79,1.12,2381,0.1,2381,0.07,1173,1376,334,1.17,1.95,0.91,2.21,1.16,0.28,1173,0.17,0.03,12,2,0.01,0.08,0.03,0.07,35.67,1582.42,1,0,0,1,0,0,0,0,1,0
https://github.com/NervanaSystems/coach,506,1088,40,16,0.4,12,119.2,233.34,23.98,3.98,51.7,-0.14,0.62,43,1.09,0.29,103,-1.15,9,63.47,0.36,4,8,0.2,0.14,0.04,0.23,6.06,128.84,9,5.44,64.18,212,210,0.99,17.07,1.07,2.24,1.16,212,0.34,212,0.12,251,533,237,2.14,2.04,1.07,2.39,1.1,0.94,251,0.35,0.03,28,0,0,0.13,0.03,0.06,10.36,81.37,0,0,0,1,0,0,1,1,0,1
 https://github.com/tensorflow/tfx,2662,599,92,48,0.52,12,85.12,159.03,98.04,12.51,486.35,-0.06,0.48,199,1.02,0.12,326,-1.09,27,86.23,0.32,3,13,0.14,0.09,0.02,0.21,5.13,266.41,24,6.8,129.21,2144,2015,0.94,43.66,1.54,2.42,0.99,2144,0.61,2144,0.13,422,1719,766,4.07,3.97,1.05,4,1.55,1.82,422,0.68,0.03,6,1,0,0.05,0.02,0.07,39.47,1661.54,1,0,1,1,0,0,0,0,0,1
https://github.com/tensorflow/models,5902,1719,804,357,0.44,22,85.98,209.8,30.52,74.6,764.9,-0.1,0.51,322,1.09,0.29,795,-1.17,15,415.77,0.1,3,7,0.01,0.04,0.01,0.08,115.38,1431.48,13,90.77,458.71,3325,6022,1.81,30.66,1.2,3.62,2.65,3325,1.05,3325,0.14,5867,27139,11757,4.63,6.76,1.01,4.59,3.92,2,5867,0.89,0,238,0,0,0.06,0,0.01,311.42,1532.68,1,0,1,1,0,1,0,1,0,1
https://github.com/tensorflow/swift-apis,920,620,72,18,0.25,14,110.78,159.74,24.18,7.4,112.28,-0.13,0.67,100,1.08,0.27,188,-1.19,3,77.36,0.38,3,12,0.17,0.1,0.02,0.2,8.19,32.5,2,0,0,893,2372,2.66,6,1.24,3.03,1.34,893,1.06,893,0.51,196,752,311,3.84,4.79,1.1,2.68,1.53,1.59,196,0.69,0.12,5,6,0.05,0.08,0.03,0.15,20.44,715.62,0,0,1,0,0,1,0,0,1,0
https://github.com/tensorflow/datasets,3121,743,163,53,0.33,15,86.9,169.13,62.37,18.15,376.36,-0.07,0.46,171,1.02,0.13,353,-1.14,14,153.09,0.27,3,15,0.09,0.08,0.01,0.18,30.62,904.52,12,11.55,174.18,1829,3150,1.72,5.86,1.37,3.56,1.24,1829,1.19,1829,0.14,669,2745,1239,4.1,4.44,1.08,2.91,1.8,1.85,669,0.6,0.01,35,1,0,0.09,0.02,0.04,46.55,791.46,0,0,0,0,0,0,0,0,0,1
 https://github.com/tensorflow/tfjs,4140,1150,266,95,0.36,18,85.72,192.71,66.86,19.6,432.64,-0.07,0.65,569,1.07,0.27,787,-1.12,394,12.77,0.17,3,13,0.05,0.06,0.01,0.14,46.69,797.09,31,16.89,193.96,1578,1174,0.75,75.12,1.29,3.07,0.98,1578,0.41,1578,0.1,2386,8701,3622,3.65,4.67,1.03,3.25,2.06,1.52,2386,0.58,0.01,52,1,0,0.08,0.01,0.02,94.75,737.89,1,1,1,1,0,1,1,0,0,1
https://github.com/tensorflow/data-validation,513,777,19,9,0.47,6,171.42,244.72,46.23,3.31,130.19,-0.04,0.52,52,1,0,62,-1.13,20,26.25,0.37,3,5,0.26,0.11,0.1,0.23,1.53,104.52,20,1.58,26.88,40,48,1.2,1.75,1.27,1.9,0.9,40,0.85,40,0.05,100,306,136,3.06,2.96,1.07,3.45,1.56,1.36,100,0.43,0.05,10,2,0.02,0.11,0.05,0.09,13.32,51.59,0,0,0,0,0,0,0,0,1,0
https://github.com/tensorflow/serving,5240,1690,169,78,0.46,15,126.6,278.87,301.88,22.15,917.12,-0.02,0.31,148,1.03,0.22,217,-1.17,48,172.03,0.13,4,6,0.04,0.05,0.03,0.13,28.78,1959.39,44,7.59,176.48,533,882,1.65,8.02,1.12,3.83,1.59,533,0.95,533,0.09,1200,5913,2570,4.93,5.85,1.07,4,3.04,2.14,1200,0.91,0.01,68,0,0,0.07,0.01,0.02,104.5,490.58,0,1,0,0,1,1,0,0,0,1
https://github.com/tensorflow/mesh,513,715,37,15,0.41,3,137.65,213.35,30.56,13.05,180.25,-0.13,0.64,52,1.06,0.24,107,-1.15,6,9.06,0.33,3,5,0.14,0.11,0.05,0.22,7.02,61.05,4,2.87,7.14,143,51,0.36,0.55,0.65,1.1,0.47,143,0.34,143,0,52,24,8,0.46,0.94,0.92,1.38,0.93,0.15,52,0.06,0.02,36,0,0,0.05,0.01,0.04,2.36,18.66,0,1,1,1,0,1,0,1,0,1
https://github.com/tensorflow/hub,760,925,65,51,0.78,6,32.17,138.04,82.07,15.82,186.25,-0.07,0.56,61,1.15,0.36,105,-1.16,12,42.28,0.12,6,1,0.02,0.06,0.1,0.12,5.64,273.2,12,5.66,43.64,166,496,2.99,8.75,1.1,3.04,0.91,166,2.07,166,0.12,509,2032,1016,3.99,4.09,1.07,3.71,2.29,2,509,0.56,0.01,25,0,0,0.07,0.02,0.03,48.21,172.07,1,1,0,0,1,0,1,1,0,1
https://github.com/tensorflow/addons,1236,670,141,38,0.27,19,71.94,136.94,33.92,9.85,82.19,-0.15,0.65,80,1.2,0.4,216,-1.32,24,43.19,0.26,3,12,0.09,0.08,0.02,0.17,11.14,262.41,23,9.62,58,1510,4224,2.8,25.97,1.19,4.07,2.64,1510,1.4,1510,0.37,668,3476,1401,5.21,7.4,1.06,3.2,2.66,2.1,668,0.82,0.03,14,1,0,0.06,0.02,0.06,80.86,1194.35,0,0,0,0,0,1,1,0,1,0
https://github.com/tensorflow/quantum,469,228,19,4,0.21,9,70.32,95.52,40.18,1.83,50.28,-0.08,0.46,22,1.09,0.29,57,-1.11,3,104.51,0.68,2,15,0.79,0.14,0.03,0.23,0.71,292.04,3,3.06,62.96,251,295,1.18,12.93,1.02,2.06,0.64,251,0.44,251,0.1,146,352,159,2.42,2.51,1.06,2.03,0.85,1.09,146,0.47,0.06,6,1,0.01,0.1,0.09,0.12,10.96,148.9,0,0,0,0,0,1,1,0,1,0
https://github.com/tensorflow/lucid,618,974,42,21,0.5,10,125.12,178.71,23.84,6.31,107.34,-0.05,0.58,53,1.15,0.41,75,-1.24,21,20.11,0.27,2,3,0.07,0.08,0.05,0.15,1.41,59.4,14,2.12,42.43,111,237,2.14,4.45,1.29,2.48,1.09,111,0.97,111,0.14,151,424,219,2.81,3.74,1.14,2.31,1.39,1.45,151,0.44,0.03,16,2,0.01,0.11,0.05,0.07,13.27,73.98,1,1,0,0,0,0,0,1,1,0
https://github.com/tensorflow/privacy,354,662,37,21,0.57,9,81.81,178.32,18.89,6.64,60.89,-0.2,0.62,13,1.15,0.38,64,-1.36,8,67.73,0.3,3,4,0.11,0.11,0.06,0.22,4.16,103.06,8,7.09,67,26,179,6.88,9.11,1.15,3.42,1.1,26,5.23,26,0.46,99,227,79,2.29,2.6,0.97,2.18,1.09,0.8,99,0.44,0.04,18,1,0.01,0.13,0.05,0.07,6.86,27.19,0,1,0,1,0,0,1,0,1,0
https://github.com/tensorflow/graphics,565,495,29,3,0.1,10,120.31,149.67,46.6,5.34,91.92,-0.12,0.51,20,1.05,0.22,63,-1.37,1,0,0.62,3,20,0.69,0.13,0.03,0.26,1.15,149.37,1,0,0,330,209,0.63,17.73,1.14,2.85,0.85,330,0.25,330,0.06,129,435,220,3.37,3.78,1.08,2.58,1.32,1.71,129,0.49,0.04,15,1,0.01,0.12,0.05,0.08,11.18,158.37,0,0,0,1,1,0,1,1,1,0
 https://github.com/NVIDIA/NeMo,2539,398,73,26,0.36,12,80.49,109.47,72.54,11.83,462.57,-0.1,0.48,87,1.08,0.27,291,-1.24,8,374.03,0.51,3,30,0.41,0.12,0.01,0.23,15.14,392.02,7,9.52,382.8,962,1691,1.76,24.22,0.86,2.44,1.24,962,0.31,962,0.33,264,773,341,2.93,3.16,1.09,2.38,1.22,1.29,264,0.5,0.03,18,1,0,0.11,0.04,0.06,25.3,406,0,0,0,1,0,0,0,0,1,0
https://github.com/NVIDIA/deepops,2205,822,58,25,0.43,12,97.67,191.73,121.09,5.9,239.31,-0.09,0.49,119,1.07,0.25,278,-1.14,11,180.28,0.3,3,7,0.12,0.11,0.04,0.21,5.51,587.37,9,6.67,192.3,492,376,0.76,18.72,1.09,2.22,0.73,492,0.28,492,0.15,176,366,130,2.09,2.45,1.06,2.02,0.85,0.74,176,0.45,0.04,13,1,0.01,0.12,0.05,0.08,12,186.37,0,0,0,0,0,0,0,1,0,1
https://github.com/NVIDIA/HugeCTR,713,366,41,8,0.2,7,47.34,89.7,64.8,10.06,154.3,0.08,0.66,149,1.04,0.2,77,-1.29,7,142.98,0.47,2,21,0.51,0.11,0.04,0.22,4.95,433.46,6,11.99,193.3,12,8,0.67,10.06,1.04,1.58,0.51,12,0.5,12,0,28,60,26,2.14,1.8,1.12,2.11,0.79,0.93,28,0.5,0.07,8,1,0.03,0.14,0.1,0.1,3.89,11.56,0,0,1,0,0,0,0,0,1,0
https://github.com/google/nomulus,3261,1668,55,21,0.38,7,381.29,454.25,130.27,15.41,634.46,-0.19,0.82,441,1.18,0.39,929,-1.24,439,122,0.38,3,13,0.24,0.1,0.03,0.21,2.52,591.7,438,2.54,122.21,785,648,0.83,20.69,1.01,3.37,0.84,785,0.27,785,0.14,32,85,30,2.66,5.6,1,1.94,1.24,0.94,32,0.47,0.16,6,2,0.04,0.15,0.05,0.15,8.65,681.83,0,0,0,0,0,1,0,0,0,1
https://github.com/google/orbit,2472,1102,27,4,0.15,9,152.67,213.46,131.51,6.14,476.38,-0.21,0.59,141,1.11,0.31,617,-1.09,9,363.32,0.69,3,23,0.85,0.12,0.02,0.23,3,584.75,1,0,0,1218,1094,0.9,4.2,1.22,2.5,0.97,1218,0.43,1218,0.17,78,157,62,2.01,2.16,1.12,2.06,1.09,0.79,78,0.29,0.11,9,1,0.02,0.14,0.07,0.14,6.18,436.25,0,1,1,1,0,0,0,0,0,1
https://github.com/google/dagger,2930,3014,160,79,0.49,13,229.32,504.36,69.1,32.7,526.45,-0.17,0.68,294,1.09,0.28,710,-1.17,57,59.18,0.11,3,3,0.02,0.06,0.03,0.1,19.09,574.1,49,11.42,198.91,906,1106,1.22,7.2,1.21,3.28,1.36,906,0.54,906,0.15,1212,5510,1701,4.55,6.03,1.02,3.35,2.72,1.4,1212,1.1,0.01,73,1,0,0.09,0.01,0.02,76.85,426.8,1,1,1,1,0,1,1,0,1,0
https://github.com/google/turbinia,482,1834,36,9,0.25,14,189.14,344.56,53.1,4.35,69.56,-0.12,0.55,32,1.03,0.18,81,-1.15,20,67.02,0.24,3,3,0.08,0.1,0.07,0.19,5.2,199.76,14,4.93,90.86,372,411,1.1,6.92,1.16,2.12,0.56,372,0.47,372,0.13,220,346,121,1.57,1.72,0.95,1.55,0.67,0.55,220,0.24,0.11,4,1,0.02,0.08,0.12,0.16,3.46,205.61,1,1,1,0,0,1,1,1,1,0
 https://github.com/google/subpar,93,1106,14,7,0.5,7,67.5,171.98,14.77,1.72,18.54,-0.06,0.7,12,1.17,0.39,16,-1.25,5,10.85,0.16,3,1,0.07,0.11,0.09,0.15,1.53,33.65,5,1.1,11.55,70,121,1.73,1.49,1.03,2,1.05,70,0.7,70,0.17,59,142,43,2.41,3.77,0.97,2.41,1.95,0.73,59,0.53,0.07,20,1,0.01,0.16,0.04,0.1,5.22,29.54,1,1,0,0,1,1,1,1,1,0
https://github.com/google/tink,2890,1268,79,20,0.25,15,160.29,296.02,99.31,10.76,530.67,-0.14,0.62,258,1.06,0.24,587,-1.15,23,153.72,0.26,3,7,0.09,0.09,0.03,0.19,9.07,565.28,17,5.02,154.6,145,275,1.9,7.82,1.21,2.78,1.07,145,1.1,145,0.14,271,1113,466,4.11,4.69,1.08,2.7,1.58,1.72,271,0.7,0.01,32,1,0,0.12,0.04,0.04,23.58,83.24,1,0,0,1,1,0,1,1,1,0
https://github.com/google/zopfli,132,2624,17,3,0.18,10,523.41,844.47,13.11,1.95,23.82,-0.11,0.63,15,1.07,0.26,27,-1.11,4,11.32,0.29,3,3,0.18,0.11,0.14,0.23,0.58,21.7,3,3.06,11.79,60,181,3.02,2.56,1.25,2.4,1.01,60,1.62,60,0.42,113,297,92,2.63,3.08,1.09,1.85,1.11,0.81,113,0.47,0.03,26,0,0,0.14,0.04,0.06,6.99,27.61,0,1,1,1,1,1,1,0,1,0
 https://github.com/google/gops,172,1406,37,11,0.3,14,68.41,178.6,15.96,2.23,20.34,-0.08,0.57,16,1.13,0.34,29,-1.07,16,14.73,0.14,7,0,0,0.12,0.07,0.11,3.77,37.87,11,3.96,34.89,84,179,2.13,1.51,1.13,2.27,0.68,84,1.57,84,0.1,45,104,38,2.31,2.68,1.13,2.27,1.25,0.84,45,0.36,0.04,16,1,0.01,0.15,0.06,0.08,7.91,39.34,0,0,0,0,1,0,0,0,1,0
https://github.com/microsoft/cascadia-code,156,440,14,7,0.5,6,76.36,129.62,16.57,2.28,40.69,-0.04,0.49,10,1.1,0.32,16,-1.13,11,11.38,0.38,3,2,0.14,0.21,0.07,0.23,2.52,57.61,10,1.26,11.88,63,355,5.65,7.58,1.28,2.76,1.93,63,2.37,63,1.14,301,1220,496,4.07,5.02,1.1,3.13,2.6,1.65,301,0.6,0.02,33,1,0,0.12,0.03,0.04,29.39,95.87,0,0,1,0,0,1,0,1,1,0
 https://github.com/microsoft/vstest,1243,1534,94,31,0.33,9,190.88,296.12,31.33,11.94,320.62,-0.25,0.66,77,1.05,0.22,326,-1.21,96,17.1,0.21,3,5,0.05,0.08,0.03,0.14,8.62,400.48,79,3.87,24.02,1318,1719,1.31,15.53,1.09,3.01,1.48,1318,0.64,1318,0.14,1258,6262,2078,4.98,7.24,1.04,3.73,3.97,1.65,1258,1,0.02,42,0,0,0.07,0.01,0.03,100.16,903.04,1,1,1,0,0,1,0,1,0,1
https://github.com/microsoft/PowerStig,1035,851,34,6,0.18,9,137,174.24,50.65,5.68,115.98,-0.04,0.41,53,1.04,0.19,84,-1.13,21,50.46,0.43,3,11,0.32,0.18,0.02,0.23,8.62,326.75,20,3.51,54.15,369,462,1.3,47.52,0.75,3.69,1.77,369,0.11,369,0.7,374,328,119,0.88,1.82,0.97,1.71,0.83,0.32,374,0.13,0.09,7,2,0.02,0.11,0.06,0.12,10.52,363.38,0,0,0,1,0,0,0,1,1,0
https://github.com/microsoft/vscode-eslint,454,1797,38,18,0.47,13,66.58,294.71,62.52,3.56,75.47,0.01,0.56,57,1.05,0.23,46,-1.22,41,13.88,0.11,4,1,0.03,0.08,0.15,0.16,6.4,202.38,9,9.09,102.88,91,382,4.2,1.88,1.1,2.82,1.81,91,1.89,91,0.59,971,5055,1919,5.22,8.83,1.05,2.85,4.2,1.98,971,1.09,0.01,88,1,0,0.1,0.02,0.03,99.98,234.07,1,1,0,1,1,1,1,0,1,0
https://github.com/microsoft/vscode-cpptools,1431,1644,73,30,0.41,14,144.11,317.94,65.19,7.94,273.49,-0.09,0.48,74,1.11,0.31,199,-1.07,112,11.48,0.21,4,8,0.11,0.13,0.03,0.19,13.94,391.22,109,2.15,11.51,1111,730,0.66,11.75,0.91,2.6,1.29,1111,0.16,1111,0.11,5075,27035,7709,5.33,7.75,0.99,3.3,3.2,1.52,5075,1.37,0,155,2,0,0.07,0.01,0.01,250.98,1101.08,0,0,0,1,1,0,1,0,0,1
https://github.com/microsoft/pyright,2428,566,43,19,0.44,14,48.53,125.05,338.74,3.41,499.65,-0.19,0.71,334,1.04,0.19,760,-1.08,156,15.2,0.29,3,2,0.05,0.09,0.07,0.18,3.51,1321.43,156,1.04,14.48,134,154,1.15,6.23,1.1,2.04,0.75,134,0.46,134,0.15,931,3189,950,3.43,3.33,0.94,2.03,0.73,1.02,931,0.52,0.01,28,1,0,0.07,0.05,0.05,50.52,270.67,0,0,0,1,0,1,1,0,0,1
https://github.com/microsoft/hcsshim,1520,1913,60,30,0.5,11,231.97,356.31,58.49,13.97,332.98,-0.14,0.63,136,1.03,0.17,287,-1.21,91,53.12,0.26,3,7,0.12,0.09,0.03,0.17,3.61,245.26,84,6.09,132.29,753,1138,1.51,1.63,0.91,2.42,0.93,753,0.37,753,0.17,124,390,99,3.15,7.12,1,2.66,4.15,0.8,124,0.81,0.06,24,0,0,0.13,0.03,0.07,25.14,411.73,0,0,1,0,1,0,1,0,0,1
 https://github.com/bardsoftware/ganttproject,3181,3758,47,11,0.23,8,243.32,608.17,198.48,7.21,632.77,-0.05,0.54,209,1.22,0.44,355,-1.2,32,199.83,0.17,6,2,0.04,0.12,0.08,0.14,3.6,669.13,14,3.65,467.95,150,108,0.72,21.02,1,1.65,0.8,150,0.29,150,0.07,1634,5958,1691,3.65,4.28,0.94,1.37,0.71,1.03,1634,0.51,0.01,52,1,0,0.11,0.04,0.04,36.8,218.73,1,0,1,0,1,1,1,0,1,0
https://github.com/apache/helix,3870,3383,75,22,0.29,12,290.01,436.85,113.5,19.71,810.41,-0.24,0.68,266,1.09,0.3,990,-1.23,29,307.49,0.19,3,3,0.04,0.07,0.05,0.13,4,789.3,1,0,0,847,1246,1.47,38.3,1.02,2.96,1.15,847,0.47,847,0.23,571,387,93,0.68,1.8,1.22,1.2,0.49,0.16,571,0.21,0.11,8,2,0.03,0.13,0.04,0.13,12.78,767.89,1,0,0,0,0,1,1,0,1,0
https://github.com/spotify/chartify,160,624,15,8,0.53,10,73.47,187.41,22.09,1.63,28.4,-0.15,0.65,11,1.18,0.4,29,-1.28,13,5.98,0.3,4,2,0.13,0.18,0.14,0.22,2.06,42.97,14,1.45,8.11,47,30,0.64,2.81,0.86,1.34,0.6,47,0.53,47,0.02,67,76,40,1.13,1.38,1.14,1.58,0.68,0.6,67,0.09,0.03,18,1,0.02,0.17,0.08,0.1,6.94,31.14,0,0,0,1,1,1,1,0,1,0
https://github.com/spotify/backstage,5583,247,190,81,0.43,17,29.52,57.62,136.77,20.38,997.35,-0.21,0.71,317,1.24,0.44,1060,-1.46,27,170.29,0.45,3,50,0.26,0.1,0.01,0.2,45.08,2541.72,7,42.86,1462.27,1937,1925,1,19.46,1.11,2.44,1.23,1937,0.37,1937,0.13,702,2151,992,3.08,4.41,1.08,2.77,1.47,1.41,702,0.36,0.03,17,3,0.01,0.09,0.03,0.07,31.62,725.44,0,0,1,1,0,0,0,0,1,0
https://github.com/spotify/mobius,368,968,22,9,0.41,6,257.86,352.35,30.13,3.6,49.19,-0.08,0.51,28,1,0,49,-1.14,23,12.03,0.5,3,11,0.5,0.12,0.05,0.24,3.06,57.33,20,0.58,5.03,108,146,1.35,3.29,1.05,2.41,0.68,108,0.26,108,0.8,27,169,96,6.26,4.9,1.21,3.59,1.82,3.56,27,0.81,0.14,5,2,0.04,0.08,0.09,0.16,2.24,49.36,0,0,1,1,0,0,0,0,1,0
https://github.com/eclipse/lemminx,879,826,25,13,0.52,7,174.8,252.09,87.89,3.99,152.27,-0.04,0.56,104,1.04,0.19,133,-1.08,16,69.68,0.39,2,6,0.24,0.12,0.05,0.24,3.54,325.98,4,4.69,74.91,399,1035,2.6,3.49,1.2,2.3,0.67,399,1.23,399,0.34,495,1349,551,2.73,4.17,1.16,2.22,0.9,1.11,495,0.51,0.08,5,2,0.03,0.09,0.08,0.15,7.46,378.69,0,0,1,0,0,0,0,0,1,0
https://github.com/eclipse/iceoryx,1719,336,31,8,0.26,9,114.94,114.81,105.17,6.44,440.7,-0.12,0.49,50,1.18,0.39,226,-1.19,10,44.9,0.62,2,21,0.68,0.13,0.02,0.23,2.12,321.73,4,8.3,580.68,156,146,0.94,28.55,1.17,4.31,1.56,156,0.36,156,0.25,162,178,58,1.1,1.97,0.87,1.81,1.02,0.36,162,0.15,0.22,6,4,0.11,0.13,0.06,0.21,3.19,92.63,1,0,0,0,0,0,0,0,0,1
https://github.com/eclipse/californium,2248,2353,64,29,0.45,13,208.03,463.05,131.33,9.5,405.09,-0.12,0.67,258,1.07,0.25,467,-1.18,46,33.15,0.15,4,3,0.05,0.07,0.06,0.16,6.22,648.82,7,10.8,557.91,874,2993,3.42,29.02,1.03,1.98,1.04,874,1,874,0.77,540,4027,1499,7.46,7.57,1.04,2.37,0.89,2.78,540,1.41,0.03,9,1,0,0.08,0.05,0.07,24.93,468.65,1,0,0,0,1,0,0,0,0,1
https://github.com/eclipse/ditto,5891,1266,45,15,0.33,4,286.04,327.52,246.91,19.33,1744.13,-0.15,0.62,451,1.13,0.34,1210,-1.14,114,44.28,0.47,4,16,0.36,0.15,0.02,0.21,10.21,2028.42,23,4.24,178.65,597,273,0.46,23.91,1.14,2.46,0.99,597,0.13,597,0.07,227,548,195,2.42,3.25,0.96,2.1,0.95,0.86,227,0.36,0.07,5,1,0.01,0.06,0.09,0.12,19.15,481.02,0,0,0,1,1,0,0,0,0,1
https://github.com/eclipse/gef,5258,3581,32,7,0.22,7,411.38,698.59,450.68,9.82,1277.64,-0.08,0.6,545,1.11,0.32,954,-1.08,9,760.2,0.2,3,3,0.09,0.09,0.09,0.17,4.04,892.98,2,20.51,3677.66,79,105,1.33,1.58,0.98,2.42,0.71,79,0.38,79,0.13,13,19,9,1.46,1.61,1.54,1.92,0.76,0.69,13,0.23,0.16,5,2,0.09,0.16,0.11,0.18,3.21,46.6,0,0,0,0,0,1,1,0,0,1
https://github.com/eclipse/sw360,765,891,37,14,0.38,10,195.51,206.08,39.01,6.6,120.4,-0.4,0.94,74,1.01,0.12,228,-1.67,15,53.92,0.44,2,11,0.3,0.1,0.04,0.2,4.95,78.49,15,4.64,52.7,376,959,2.55,1.54,1.08,3.1,1.15,376,0.99,376,0.35,540,781,176,1.45,2.01,0.89,1.97,0.77,0.33,540,0.26,0.09,5,1,0.01,0.07,0.09,0.13,5.4,192.56,0,0,0,1,0,1,0,0,0,1
https://github.com/eclipse/nebula,3362,5242,113,44,0.39,11,370.1,659.36,79.98,17.47,645.75,-0.29,0.57,120,1.08,0.26,1061,-1.05,9,926.51,0.09,6,2,0.02,0.08,0.06,0.1,12.5,819.84,4,43.99,1338.43,242,242,1,1.88,1.07,1.59,1,242,0.29,242,0.12,23,87,42,3.91,3.49,1.21,2.26,0.69,1.83,23,0.52,0.17,4,3,0.09,0.1,0.08,0.2,2.5,88.64,1,1,1,1,1,0,1,0,0,1
 https://github.com/eclipse/winery,1883,2358,57,26,0.46,7,252.18,405.57,166.12,18.38,494.76,-0.03,0.51,145,1.14,0.35,202,-1.12,2,292.74,0.24,3,6,0.11,0.11,0.05,0.18,15.62,718.59,2,15.56,312.54,482,524,1.09,26.25,0.8,2.44,1.06,482,0.23,482,0.11,42,34,9,0.81,0.89,0.86,1.62,0.82,0.21,42,0.1,0.11,4,3,0.05,0.07,0.07,0.16,9.81,226.23,0,0,1,0,1,0,0,1,1,0
https://github.com/eclipse/jnosql,2704,1536,17,4,0.24,11,140.59,303,521.73,2.44,631.99,0.06,0.4,295,1,0.06,126,-1.05,12,216.87,0.24,2,1,0.06,0.08,0.21,0.16,2.12,1120.06,12,2.02,216.04,141,81,0.57,24.68,0.96,1.45,0.68,141,0.35,141,0.01,107,215,100,2.01,4.12,0.84,1.67,0.86,0.93,107,0.14,0.13,4,1,0.03,0.09,0.15,0.18,4.27,138.76,1,0,0,0,0,0,0,0,1,0
https://github.com/eclipse/reddeer,1558,2969,49,31,0.63,7,431.29,631.1,64.56,15.13,392.97,-0.12,0.58,104,1.05,0.21,236,-1.27,75,41.25,0.29,3,7,0.14,0.1,0.04,0.22,4.73,345.18,9,15.02,484.88,1424,3130,2.2,0.58,1.02,2.25,0.86,1424,0.53,1424,0.3,667,1103,209,1.66,1.98,0.85,2.15,0.98,0.31,667,0.27,0.14,3,4,0.07,0.08,0.07,0.15,8.02,1114.26,0,0,1,0,0,1,1,1,1,0
https://github.com/eclipse/upm,2154,2321,79,20,0.25,15,175.3,358.72,78.56,6.77,233.18,-0.14,0.67,179,1.1,0.3,356,-1.38,37,63.64,0.18,3,3,0.04,0.08,0.04,0.16,5.13,455.57,17,4.31,60.06,468,679,1.45,11,1.19,2.21,0.93,468,0.9,468,0.12,229,955,378,4.17,4.27,1.07,2.43,0.87,1.65,229,0.85,0.02,15,1,0,0.1,0.05,0.06,23.51,181.03,1,1,1,0,0,1,1,0,0,1
https://github.com/webex/components,432,434,11,6,0.55,5,159.55,187.11,50.04,1.3,55.83,-0.37,0.82,12,1.25,0.45,101,-1.74,69,5.33,0.62,2,5,0.45,0.15,0.07,0.24,2.12,22.63,68,0.55,5.18,133,240,1.82,2.34,0.77,3.24,0.93,133,0.32,133,0.17,2,5,3,2.5,0.71,0.55,3.5,0.71,1.5,2,0,0.33,4,4,0.22,0.12,0.11,0.25,1.29,22.22,0,0,1,0,1,0,0,1,0,1
https://github.com/apache/apisix,1271,539,118,52,0.44,10,54.84,109.07,57.78,32.21,372.26,-0.08,0.62,157,1,0,212,-1.21,15,40.13,0.32,3,14,0.12,0.09,0.02,0.19,19.4,491,14,9.03,30.3,1305,1579,1.21,6.03,1.01,2.22,1.2,1305,0.36,1305,0.17,1035,2673,939,2.59,2.96,0.93,2.35,1.55,0.91,1035,0.34,0.03,7,2,0.01,0.06,0.03,0.07,81.96,1350.27,0,0,0,1,0,0,0,0,0,1
https://github.com/ReactiveX/RxGo,663,1519,34,11,0.32,13,72,153.29,58.35,2.36,79.11,-0.11,0.43,13,1.15,0.38,76,-1.16,8,116,0.15,5,1,0.03,0.11,0.03,0.1,4.49,174.45,8,8,131.94,141,270,1.91,58.45,0.97,2.26,0.8,141,0.41,141,0.6,112,276,89,2.46,2.72,0.97,1.93,1.1,0.79,112,0.33,0.05,6,2,0.02,0.08,0.07,0.1,9.4,78.05,0,1,1,1,1,1,1,1,1,0
https://github.com/apache/openwhisk-runtime-python,823,1684,75,35,0.47,12,214.05,303.35,24.77,11.6,124.92,-0.21,0.7,74,1.09,0.29,212,-1.21,15,186.25,0.34,4,19,0.25,0.1,0.02,0.21,6.75,197.5,1,0,0,72,31,0.43,3.8,1.03,2.07,0.54,72,0.18,72,0.04,19,44,18,2.32,2.26,1.15,2,0.75,0.95,19,0.37,0.09,8,1,0.03,0.15,0.1,0.12,3.59,26.76,0,0,0,0,1,0,1,1,1,0
https://github.com/apache/openmeetings,2929,1753,19,7,0.37,11,225.37,465.7,478.94,1.4,623.99,-0.01,0.47,263,1.03,0.16,267,-1.12,68,59.05,0.2,3,1,0.05,0.11,0.18,0.2,3.06,957.66,2,12.02,1970.71,70,149,2.13,99.41,1.2,1.99,0.47,70,0.84,70,0.4,40,165,50,4.13,5.81,1.03,2.13,0.79,1.25,40,0.9,0.05,13,1,0.02,0.15,0.11,0.12,7.24,39.55,1,0,0,0,0,1,1,0,0,1
https://github.com/android/compose-samples,484,386,28,10,0.36,10,99.71,129.43,28.17,4.22,78.05,0.02,0.44,40,1.1,0.3,31,-1.1,7,119.53,0.53,3,16,0.57,0.12,0.03,0.23,2.52,88.09,4,8.26,145.54,145,174,1.21,15.64,1.17,3.6,1.15,145,0.81,145,0.05,63,113,36,1.79,2,0.95,2.35,1.26,0.57,63,0.21,0.05,12,1,0.01,0.13,0.06,0.09,10.6,80.84,0,1,1,0,0,0,0,1,1,0
https://github.com/android/android-test,756,1865,25,11,0.44,9,232.16,324.95,78.56,4.67,114.02,-0.13,0.7,73,1.21,0.41,148,-1.25,21,79.64,0.32,5,5,0.2,0.21,0.04,0.22,3.67,198.59,20,3.29,85.96,514,328,0.64,15.71,0.74,2.68,0.81,514,0.59,514,0.01,238,527,169,2.21,3.23,1.12,2.24,1.66,0.71,238,0.62,0.02,49,1,0,0.14,0.03,0.04,11.74,140.14,0,1,0,1,0,0,0,1,0,1
https://github.com/android/sunflower,442,1125,54,17,0.31,14,64.7,198.04,27.51,2.68,48.37,-0.07,0.51,29,1.24,0.44,66,-1.02,8,19.61,0.19,4,3,0.06,0.08,0.07,0.17,2.65,79.77,7,2.57,21.77,459,636,1.39,8.51,1.21,2.41,0.94,459,0.88,459,0.11,196,505,182,2.58,4.26,1.04,2.42,2.35,0.93,196,0.44,0.02,30,1,0,0.13,0.04,0.05,30.29,187.26,0,1,1,0,1,0,0,0,1,0
https://github.com/android/uamp,413,2140,43,17,0.4,13,158.74,332.83,22.54,4.89,50.68,-0.07,0.64,53,1.09,0.3,83,-1.06,4,61.99,0.14,4,1,0.02,0.06,0.12,0.1,5.74,81.27,3,5.86,68.51,107,160,1.5,39.35,1.04,2.38,0.83,107,1.18,107,0.03,293,642,223,2.19,3.43,0.96,2.41,1.83,0.76,293,0.32,0.01,38,1,0,0.11,0.04,0.03,25.67,72.83,1,1,1,1,1,1,1,0,1,0
https://github.com/microsoft/nni,1710,850,110,42,0.38,15,105.2,181.9,33.46,18.45,414.8,-0.12,0.62,167,1.05,0.24,323,-1.17,33,35.47,0.29,4,13,0.12,0.12,0.02,0.19,22.61,354.7,25,5.62,37.04,1964,738,0.38,260.77,1.03,3.42,1.7,1964,0.14,1964,0.04,956,2622,1029,2.76,4.16,0.98,3.35,1.32,1.08,956,0.47,0.03,9,2,0,0.07,0.03,0.06,59.52,1524.92,0,1,0,1,1,0,1,0,1,0
https://github.com/microsoft/PowerStig,1035,851,34,6,0.18,9,137,174.24,50.65,5.68,115.98,-0.04,0.41,53,1.04,0.19,84,-1.13,21,49.74,0.43,3,11,0.32,0.18,0.02,0.23,8.62,326.75,20,3.51,54.15,370,464,1.3,47.45,0.75,3.68,1.77,370,0.11,370,0.7,376,328,119,0.87,1.82,0.97,1.7,0.83,0.32,376,0.13,0.09,6,2,0.02,0.1,0.06,0.12,10.42,373.73,0,0,0,1,1,0,0,0,1,0
https://github.com/microsoft/ai-edu,541,742,41,20,0.49,4,85.12,152.19,30.13,17.36,259.85,-0.1,0.45,19,1.05,0.23,66,-1.14,1,0,0.32,3,5,0.12,0.1,0.05,0.21,1.53,135.54,1,0,0,492,59,0.12,18.93,0.73,1.99,0.4,492,0.03,492,0,74,400,49,5.41,16.7,0.62,5.54,16.54,0.66,74,0.35,0.2,8,1,0,0.08,0.03,0.13,50.08,328.67,0,0,0,1,0,1,0,1,1,0
https://github.com/microsoft/PTVS,9125,3485,80,39,0.49,15,265.23,592.75,520.14,12.27,1668.85,-0.17,0.63,657,1.08,0.27,1924,-1.19,36,304.51,0.16,4,3,0.04,0.07,0.05,0.15,8.04,2426.78,34,2.83,317.33,2538,2136,0.85,24.71,0.87,2.55,0.74,2538,0.21,2538,0.11,3712,7980,2545,2.15,3.27,1.03,2.23,1.34,0.69,3712,0.49,0,45,2,0,0.07,0.02,0.03,99.18,1075.4,1,0,1,0,1,1,1,0,0,1
https://github.com/microsoft/dicom-server,451,503,23,8,0.35,4,87.78,79.01,24.07,6.66,130.94,-0.06,0.63,56,1.07,0.26,73,-1.19,1,0,0.43,2,9,0.39,0.09,0.09,0.16,0.71,21.92,1,0,0,364,126,0.35,7.15,0.97,2.25,1.08,364,0.12,364,0.05,2,2,0,1,0,0,2,1.41,0,2,0,0.32,2,3,0.12,0.09,0.06,0.17,1.41,480.13,1,0,1,0,0,0,0,1,0,1
https://github.com/microsoft/AirSim,2181,1298,189,95,0.5,19,65.13,193.8,52.94,12.09,265.77,-0.12,0.51,121,1.03,0.18,353,-1.1,23,116.55,0.12,4,4,0.02,0.05,0.03,0.1,14.24,386.22,18,14.99,185.28,537,1040,1.94,6.53,1.13,2.47,1.11,537,0.85,537,0.28,2515,8255,3133,3.29,4.2,1.05,3.09,1.66,1.25,2515,0.63,0,68,1,0,0.08,0.01,0.02,100.96,575.68,1,0,0,1,0,1,0,1,0,1
https://github.com/microsoft/msphpsql,2005,4288,26,14,0.54,8,294.69,408.25,165.38,6.51,492.23,-0.11,0.44,56,1.05,0.23,236,-1.15,49,60.41,0.3,6,7,0.27,0.22,0.04,0.23,4.08,674.78,48,2.45,68.88,616,1923,3.12,39.14,0.59,3.74,1.21,616,0.22,616,0.55,575,4624,1903,8.05,10.49,1.07,3.73,4.24,3.31,575,1.51,0.02,23,1,0,0.06,0.02,0.04,92.99,668.51,0,1,0,1,1,0,1,0,0,1
https://github.com/microsoft/rushstack,11775,1753,190,86,0.45,18,126.4,278.25,308.81,24.03,1855.14,-0.07,0.48,681,1.08,0.3,1434,-1.12,7598,6.53,0.14,4,3,0.02,0.05,0.03,0.12,37.25,3681.79,2,6.36,780.65,1484,1793,1.34,46.88,1.05,2.74,1.11,1484,0.43,1484,0.15,753,3330,1243,4.42,5.06,1.05,2.68,1.5,1.65,753,0.77,0.01,28,1,0,0.09,0.03,0.04,48.91,611.09,1,1,1,0,1,0,1,0,0,1
 https://github.com/microsoft/fhir-server,815,769,61,24,0.39,10,162.85,235.79,22.29,11.08,162.16,-0.07,0.6,78,1.12,0.32,117,-1.21,100,9.58,0.4,3,16,0.26,0.1,0.02,0.21,12.9,226.45,98,3.12,10.92,828,964,1.17,12.07,0.77,2.51,0.95,828,0.19,828,0.11,469,819,290,1.75,2.92,0.91,2.73,1.14,0.62,469,0.2,0.05,7,2,0.01,0.08,0.04,0.09,21.45,759.73,0,0,1,0,0,1,0,0,1,0
https://github.com/microsoft/AdaptiveCards,2617,1395,93,31,0.33,14,145.18,285.81,79.54,12.06,479.8,-0.03,0.58,286,1.1,0.32,339,-1.15,159,109.92,0.23,3,6,0.06,0.09,0.03,0.18,9.85,732.71,26,7.63,264.98,2290,3955,1.75,34.4,1.14,2.61,1.27,2290,0.73,2290,0.23,2513,6535,2702,2.6,3.62,1.06,2.93,1.6,1.08,2513,0.41,0.01,30,2,0,0.08,0.02,0.04,48.22,1139.66,0,1,0,0,0,1,0,1,0,1
https://github.com/microsoft/WSLab,1695,1624,24,11,0.46,11,177.96,382.66,306.66,4.11,332.52,0.02,0.34,93,1.09,0.28,48,-1.25,8,569.86,0.2,4,1,0.04,0.1,0.16,0.2,1.83,731.13,8,7.77,569.19,343,51,0.15,8.49,0.9,1.37,0.59,343,0.05,343,0.01,54,220,86,4.09,4.24,1.16,1.91,0.65,1.59,54,0.94,0.05,9,1,0.02,0.09,0.12,0.13,9.1,134.55,1,1,1,0,1,1,0,1,1,0
https://github.com/microsoft/xlang,469,816,42,17,0.4,11,107.55,194.49,21.45,7.83,87.63,-0.03,0.72,85,1.11,0.35,99,-1.11,105,18.45,0.36,2,6,0.14,0.1,0.04,0.2,0,23.33,5,0,0,457,260,0.57,27.21,1.12,2.39,1.04,457,0.21,457,0.11,242,544,224,2.25,3.39,1.02,2.31,1.46,0.93,242,0.35,0.06,6,1,0.01,0.09,0.05,0.1,27.87,427.27,0,1,0,1,0,0,0,1,0,1
https://github.com/microsoft/tslib,173,1980,29,9,0.31,8,295.48,530.26,9.17,3.41,31.5,-0.08,0.48,12,1,0,23,-1.09,25,4.97,0.22,4,2,0.07,0.13,0.09,0.17,4.5,32.29,24,3.12,12.34,76,147,1.93,1.77,1.03,2.78,1.16,76,0.67,76,0.2,50,209,79,4.18,5.46,1.03,3.1,2.38,1.58,50,0.6,0.04,18,1,0.01,0.12,0.04,0.06,11.26,31.37,0,0,0,1,1,1,1,0,1,0
https://github.com/microsoft/dowhy,366,850,35,13,0.37,11,53.23,167.32,38.35,2.75,74.07,-0.11,0.5,25,1.04,0.2,63,-1.03,4,66.76,0.19,3,1,0.03,0.08,0.13,0.16,6.66,157.33,3,10.26,42.32,102,105,1.03,6.89,1.05,1.97,0.65,102,0.67,102,0.04,71,239,132,3.37,3.52,1.07,2.28,0.78,1.86,71,0.38,0.03,10,1,0.01,0.11,0.09,0.1,14.08,75.39,1,0,0,0,1,1,1,1,0,1
https://github.com/microsoft/cppwinrt,295,1468,30,19,0.63,7,138.17,248.7,19.93,6.73,72.86,-0.11,0.57,27,1.07,0.27,58,-1.05,42,12.68,0.27,4,4,0.13,0.12,0.1,0.17,5.07,87.29,42,2.53,6.64,188,342,1.82,3.48,0.84,2.36,0.84,188,0.43,188,0.16,566,1984,741,3.51,4.49,1.05,2.6,1.39,1.31,566,0.73,0.03,14,1,0,0.09,0.05,0.07,26.26,209.67,0,0,0,1,1,0,1,0,1,0
https://github.com/microsoft/reactxp,1132,1232,128,39,0.3,17,101.77,203.5,44.46,13.1,145.43,-0.16,0.59,86,1.09,0.29,250,-1.08,12,202.88,0.23,2,8,0.06,0.07,0.02,0.16,18.38,514.77,12,22.92,202.49,687,870,1.27,2.92,1.07,2.4,1.01,687,0.68,687,0.15,533,2122,834,3.98,4.44,1.06,2.63,1.37,1.56,533,0.74,0.02,17,1,0,0.08,0.04,0.05,40.84,403.76,1,1,0,0,0,0,1,0,0,1
https://github.com/microsoft/msticpy,303,582,20,7,0.35,11,92.45,171.51,34.64,2.33,57.48,-0.21,0.59,14,1.07,0.27,66,-1.18,26,12.04,0.31,3,3,0.15,0.11,0.12,0.22,2.52,82.71,26,1.65,15.54,104,88,0.85,24.99,0.95,2.17,0.73,104,0.27,104,0.01,2,12,3,6,7.07,1.03,2.5,0.71,1.5,2,1.5,0.22,3,2,0.11,0.11,0.14,0.22,2.08,45.03,1,1,0,0,0,1,1,0,1,0
https://github.com/microsoft/debugpy,1603,1027,31,12,0.39,15,160,318.17,120.43,3.67,193.67,-0.14,0.62,132,1.09,0.29,310,-1.18,16,351.52,0.3,4,3,0.1,0.11,0.07,0.22,3.3,338.86,15,6.86,362.71,123,156,1.27,0.85,1,2.07,0.55,123,0.87,123,0.18,299,1351,425,4.53,5.62,0.98,2.62,1.5,1.42,299,0.92,0.02,15,2,0.01,0.1,0.05,0.07,21.84,130.86,1,0,1,0,1,0,0,0,1,0
https://github.com/microsoft/NeuronBlocks,118,347,13,2,0.15,3,50.77,68.72,15.28,4.73,63.81,-0.12,0.42,3,1,0,16,-1.06,4,11.27,0.68,3,11,0.85,0.24,0.03,0.28,3.06,43.11,4,2.22,11.62,63,26,0.41,20.32,0.69,2.84,1.17,63,0.16,63,0.03,21,33,16,1.57,1.8,1.28,2.14,0.73,0.76,21,0.43,0.15,8,2,0.07,0.19,0.08,0.18,4.3,46.01,0,0,0,0,0,1,0,0,1,0
https://github.com/microsoft/slngen,181,1033,10,2,0.2,6,117.1,323.17,51.63,1.26,44.19,0,0.48,18,1.06,0.24,18,-1.06,60,3.97,0.24,3,1,0.1,0.15,0.3,0.27,2.31,98.44,60,0.36,3.87,130,10,0.08,1.48,1.35,1.17,0.38,130,0.02,130,0.02,45,88,34,1.96,3.66,0.94,1.6,0.58,0.76,45,0.31,0.07,4,1,0.03,0.13,0.17,0.17,11.68,104.71,0,0,1,1,0,1,0,0,1,0
https://github.com/microsoft/opentelemetry-azure-monitor-python,307,343,8,3,0.38,6,97.75,129.99,65.08,1.26,86.4,-0.03,0.23,4,1,0,13,-1,5,48.61,0.57,2,5,0.63,0.12,0.2,0.19,0,55.86,5,1.34,50.84,79,78,0.99,19.22,1.05,2.54,0.73,79,0.16,79,0.54,45,44,18,0.98,1.31,0.98,1.56,0.66,0.4,45,0.07,0.18,5,2,0.1,0.16,0.15,0.21,2.24,56.32,0,1,1,1,1,0,0,0,1,0
https://github.com/microsoft/Vipr,310,2028,24,17,0.71,4,76.04,99.89,24.87,6.9,91.19,0,0.67,45,1.16,0.37,44,-1.2,1,0,0.17,7,0,0,0.16,0.05,0.13,2.51,76.22,1,0,0,86,84,0.98,6.72,1.14,2,0.85,86,0.36,86,0.14,61,102,22,1.67,1.47,0.88,2.74,0.93,0.36,61,0.23,0.12,6,1,0.03,0.13,0.09,0.12,4.37,70.53,0,1,0,1,1,0,0,0,1,0
https://github.com/microsoft/checkedc,396,1695,30,15,0.5,11,110.17,310.35,49.57,4.43,71.14,-0.11,0.74,68,1.06,0.24,101,-1.14,4,47.15,0.17,5,1,0.03,0.13,0.13,0.16,3.32,140.57,4,1.26,46.59,288,157,0.55,3.36,0.98,1.93,0.73,288,0.25,288,0.07,132,175,52,1.33,1.53,0.87,1.43,0.67,0.39,132,0.21,0.08,5,1,0.02,0.11,0.13,0.15,8.32,166.08,1,0,1,1,0,1,1,0,1,0
https://github.com/microsoft/EdgeML,872,1156,42,6,0.14,9,186.26,280.52,45.66,8.98,193.41,-0.01,0.4,60,1.03,0.18,64,-1.05,1,0,0.31,4,6,0.14,0.11,0.05,0.2,3.87,219.74,1,0,0,127,229,1.8,27.25,0.94,2.48,1.23,127,0.74,127,0.17,73,175,84,2.4,3.05,0.99,2.34,0.85,1.15,73,0.23,0.08,6,1,0.01,0.09,0.08,0.11,8.53,64.96,0,0,0,0,0,0,0,0,1,0
https://github.com/microsoft/TeamCloud,1092,303,5,1,0.2,7,116.4,147.25,277.43,0.49,146.18,-0.05,0.41,43,1.07,0.34,95,-1.12,306,24.09,0.6,2,1,0.2,0.15,0.3,0.22,0.71,49.5,306,0.51,23.97,20,2,0.1,3.37,0.71,1.1,0.45,20,0,20,0.05,187,37,13,0.2,0.59,1.07,1.26,0.46,0.07,187,0.02,0.83,1,4,1,0.14,0.1,0.19,0,0,0,0,0,0,0,1,0,1,1,0
https://github.com/microsoft/vstest,1244,1545,94,31,0.33,9,191.01,296.16,31.35,11.94,320.6,-0.25,0.66,77,1.05,0.22,326,-1.21,96,17.07,0.21,3,5,0.05,0.08,0.03,0.14,8.62,400.13,79,3.87,24.02,1320,1720,1.31,15.52,1.09,3,1.48,1320,0.64,1320,0.14,1259,6287,2091,4.99,7.24,1.04,3.73,3.97,1.66,1259,1,0.02,40,0,0,0.07,0.01,0.03,102.99,926.04,1,1,0,0,1,1,1,1,0,1
https://github.com/microsoft/GSL,866,1862,130,46,0.35,18,114.44,290.01,25.95,9.82,102.07,-0.15,0.61,71,1.04,0.2,173,-1.17,7,175.01,0.1,6,2,0.02,0.07,0.04,0.09,16.52,172.7,6,30.82,184.77,463,1234,2.67,10.93,1.28,2.87,1.3,463,1.41,463,0.44,468,1921,688,4.1,5.9,1.04,2.93,1.64,1.47,468,0.93,0.02,18,1,0,0.07,0.03,0.04,52.92,340.81,1,1,1,1,1,1,1,1,0,1
https://github.com/microsoft/pai,4129,1099,109,30,0.28,13,160.8,208.4,60.19,25.12,1011.32,-0.15,0.54,197,1.09,0.28,721,-1.15,39,107.87,0.35,3,18,0.17,0.11,0.01,0.19,29.94,1404.47,20,11.07,455.9,3175,4540,1.43,33.47,0.55,2.94,1.12,3175,0.12,3175,0.13,1739,5363,1501,3.1,4.38,0.93,2.74,1.26,0.86,1739,0.52,0.04,8,2,0.01,0.07,0.02,0.08,34.57,1777.2,0,0,1,0,1,0,0,1,0,1
https://github.com/microsoft/CameraTraps,2539,721,30,9,0.3,12,138.5,227.95,203.71,4.16,398.34,-0.01,0.51,218,1.18,0.38,272,-1.07,2,698.62,0.35,3,6,0.2,0.11,0.06,0.22,5.29,696.38,1,0,0,200,35,0.18,129.68,1.02,1.59,0.98,200,0.08,200,0.01,23,61,27,2.65,1.7,1.33,2.43,0.84,1.17,23,0.7,0.13,4,2,0.05,0.08,0.11,0.17,3.46,61.15,0,0,1,1,1,0,0,0,0,1
https://github.com/microsoft/testfx,274,1514,61,34,0.56,11,95.89,205.4,12.28,6.81,59.95,-0.2,0.64,18,1.06,0.24,61,-1.23,22,16.99,0.12,7,1,0.02,0.1,0.1,0.11,5.79,43.82,22,2.52,16.69,295,532,1.81,4.97,1.08,2.6,1.14,295,0.98,295,0.18,430,2327,852,5.42,8.94,1.09,3.46,2.97,1.98,430,1.13,0.02,29,1,0,0.09,0.02,0.04,39.24,212.37,1,0,0,1,1,1,1,0,0,1
https://github.com/microsoft/vscode-java-test,575,1043,15,3,0.2,6,119.8,224.91,100.95,2.73,226.92,-0.18,0.71,66,1.03,0.17,143,-1.22,37,14.95,0.27,3,2,0.13,0.1,0.17,0.2,1,174.51,27,1.55,40.93,530,160,0.3,2.64,1.1,2.2,0.53,530,0.12,530,0.05,532,1868,608,3.52,5.2,0.99,2.48,1.84,1.14,532,0.65,0.01,28,1,0,0.07,0.04,0.05,38.52,294.09,1,1,1,1,1,1,0,0,1,0
https://github.com/microsoft/WinObjC,3482,929,94,27,0.29,10,190.95,219.12,65.92,21.14,706.01,-0.16,0.67,376,1.06,0.24,837,-1.14,50,46.88,0.57,2,54,0.57,0.12,0.01,0.24,4.24,124.45,49,7.5,57.9,1117,2317,2.98,15.85,0.99,5.17,2.46,1117,0.64,1117,0.29,1824,3244,1020,1.78,2.94,1.02,2.99,1.72,0.56,1824,0.34,0.04,16,1,0,0.08,0.02,0.06,66.65,2117.3,0,0,1,1,0,0,0,1,0,1
https://github.com/microsoft/omi,862,2692,43,20,0.47,10,211.88,298.14,51.69,10.07,177.8,-0.17,0.64,76,1.05,0.22,194,-1.16,26,36.56,0.21,6,4,0.09,0.14,0.07,0.17,5.49,161.59,16,5.19,108.76,404,525,1.3,14.48,1.02,2.55,0.9,404,0.52,404,0.13,229,834,314,3.64,6,0.95,2.4,1.58,1.37,229,0.55,0.04,8,1,0.01,0.08,0.06,0.08,23.88,304.58,0,0,0,1,0,0,1,0,1,0
https://github.com/microsoft/playwright,3117,321,82,26,0.32,15,37.56,91.74,140.42,5.08,529.58,-0.45,0.93,246,1.13,0.38,1035,-1.63,22,207.33,0.39,3,12,0.15,0.12,0.02,0.22,8.08,417,22,5.35,120.25,2974,767,0.26,0.99,1.23,1.97,0.57,2974,0.1,2974,0.04,1052,3356,1434,3.19,3.18,1.08,2.65,1.25,1.36,1052,0.53,0.01,31,1,0,0.09,0.02,0.04,35.41,589.54,0,0,0,1,1,0,0,1,1,0
https://github.com/microsoft/DeepSpeed,300,251,35,11,0.31,9,51.23,81.74,22.8,5.48,62.27,-0.08,0.54,25,1.04,0.2,44,-1.14,3,56.96,0.52,2,13,0.37,0.12,0.03,0.22,2.12,142.84,3,7,56.5,306,150,0.49,7.77,1.26,2.34,0.91,306,0.23,306,0.06,152,489,231,3.22,3.8,1.09,2.31,0.9,1.52,152,0.57,0.04,11,1,0.01,0.1,0.06,0.08,11.08,123.23,0,0,0,1,1,0,0,0,1,0
https://github.com/microsoft/BotFramework-Emulator,2850,1421,80,33,0.41,9,114.24,187.93,122.43,15.9,623.03,-0.06,0.52,201,1.13,0.35,362,-1.12,50,153.23,0.23,3,4,0.05,0.08,0.04,0.15,4.04,184.91,40,5.51,178.23,900,1007,1.12,16.8,0.9,2.82,0.96,900,0.29,900,0.1,1274,4016,1307,3.16,3.55,0.95,3.26,1.61,1.03,1274,0.56,0.01,29,0,0,0.07,0.02,0.03,61.08,780.39,0,0,0,0,0,1,1,1,0,1
https://github.com/microsoft/hummingbird,200,197,19,5,0.26,6,34.84,50.95,17.85,3.39,68.52,-0.04,0.6,25,1.08,0.28,30,-1.13,6,15.89,0.71,3,16,0.84,0.21,0.01,0.24,6.11,60.18,6,2.73,15.46,177,321,1.81,14.73,1.25,2.88,0.67,177,0.56,177,0.68,132,389,182,2.95,8.94,1.07,1.78,0.85,1.38,132,0.39,0.15,4,2,0.06,0.09,0.1,0.18,4.19,107.76,0,0,0,0,0,0,0,0,1,0
https://github.com/microsoft/AMBROSIA,642,597,19,7,0.37,8,116.42,190.84,48.25,4.41,155.58,-0.13,0.49,26,1.04,0.2,95,-1.14,13,58.63,0.62,2,13,0.68,0.14,0.04,0.25,0.71,172.53,13,2.69,59.73,81,21,0.26,4.83,1.12,1.67,0.72,81,0.07,81,0.07,36,53,19,1.47,1.48,0.93,2.17,1.3,0.53,36,0.28,0.18,6,2,0.07,0.16,0.09,0.18,3.5,40.84,0,0,1,0,0,0,0,0,1,0
https://github.com/microsoft/clrmd,811,1835,66,25,0.38,15,93.05,279.16,59.87,4.83,95.79,-0.17,0.63,70,1.09,0.28,191,-1.12,4,100.14,0.14,9,1,0.02,0.15,0.07,0.14,5.92,164.9,2,2.83,2.12,588,650,1.11,5.73,1.21,1.58,0.86,588,0.46,588,0.17,251,884,340,3.52,5.18,1.09,2.31,1.3,1.35,251,0.75,0.03,10,1,0.01,0.11,0.07,0.08,27.58,303.27,1,1,1,1,1,1,1,0,0,1
https://github.com/microsoft/ApplicationInsights-Java,2741,2129,73,29,0.4,14,93.88,218.36,127.87,6.61,359.2,-0.1,0.59,228,1.11,0.31,440,-1.18,58,43.35,0.11,5,1,0.01,0.05,0.08,0.08,8.65,642.74,42,4.37,140.53,874,813,0.93,19.52,1.1,2.18,1,874,0.4,874,0.14,463,1770,795,3.83,4.43,1.03,3,1.47,1.72,463,0.6,0.02,14,2,0.01,0.08,0.03,0.05,52.66,481.04,1,1,1,0,1,1,1,1,0,1
